_id,productName,category
65f03142b639cb94b1111666,Slide Camera Protection Wallet Holder Card Bag Phone Case For iPhone 15 14 12 11 13 Pro Max X XR XS 7 8 Plus Soft Silicone Cover,Electronics/Phone Accessories
65f032cab639cb94b111166c,Men's Running Compression Tshirts Quick Dry Soccer Jersey Fitness Tight Sportswear Gym Sport Short Sleeve Shirt Breathable,Clothing/Sportswear
65f03324b639cb94b1111670,Pure Sine Wave Inverter 12V 220V 24V 110V 2000W 3000W 4000W 5000W DC To AC Portable Power Voltage Converter Car Solar Inverter,Electronics/Power Inverters
65f03374b639cb94b1111672,New S26 Ultra Smartphone 5G 7.0 inch 16G+1T Dual SIM Phone Android 13 48MP+72MP 7000mAh Global Edition,Electronics/Smartphones
65f03447b639cb94b1111674,Original I8 Pro Max IWO Smartwatch Phone Call Custom Watch Face Waterproof Man Women Smart Watch Series 8 for Android IOS Phone,Electronics/Smartwatches
65f034b4b639cb94b1111678,New Humidifier Household USB Atmosphere Lamp Desktop Intelligent Large Capacity Aromatherapy Gift Humidifier,Home & Kitchen/Air Care
65f03516b639cb94b111167a,Men Wallet Leather ID Credit Card Holder Clutch Coin Purse Luxury Brand Wallet Frosted Short Wallets 2024 Men Wallet Coin Pocket,Fashion/Accessories
65f0355bb639cb94b111167c,JBL FLIP 6 Wireless Bluetooth Speaker Portable IPX7 Waterproof Outdoor Stereo Bass Music Track Speaker Independent Tweeter,Electronics/Audio
65f035d2b639cb94b111167e,Women Shoes Lightweight Running Shoes For Women Sneakers Comfortable Sport Shoes Jogging Tennis,Fashion/Footwear
65f038bcb639cb94b111168e,2022 Fashion Casual Loafers Women's Flat Shoes Ladies Elegant Butterfly-Knot Comfortable Shoes Women Soft Classic Office Shoes,Fashion/Footwear
65fd9ec16a670fc089373683,App Remote Unlocking Keyless Lock Electronic Door Lock,electronic
65fda2646a670fc089374a65,8.5inch LCD Writing Tablet Electronic Writting Doodle Board Digital Colorful Handwriting Pad Drawing Graphics Kids Birthday Gift,electronic
65fda5c86a670fc089374a67,Weighing Spoon Scale Home Kitchen Tool Electronic Measuring Coffee Food Flour Powder Baking LCD Digital Measurement adjustable,Electronic
65fda6a96a670fc089374cda,Alarm Clock LED Wooden Watch Table Voice Control Digital Wood Despertador USB/AAA Powered Electronic Desktop Clocks,Electronic
65fda7af6a670fc089374f98,220V EU 180W Electric Soldering Iron Industrial-grade High-power Fast Thermal Welding Tools For Electronic Circuit Board Repair,Electronic
65fda9086a670fc089375bf3,Baseus Car Polishing Machine cordless Electric Polisher 3800rpm Variable Speed Buffing Waxing Machine Waxing Tools Accessories,Electronic
65fdae7e6a670fc089376b0e,"Podofo Android 12 Car Radio Autoradio 128G 2 Din 7""/9""/10"" Universal WIFI GPS Car Audio Multimedia Player For Nissan Toyota Kia",Electronic
65fdceefdca17ee93e4b1160,4in1 Rechargeable Nose Trimmer Beard Trimmer for Men Ear Eyebrow Nose Hair Trimmer for Nose and Ear Hair Removal Clean Machine,electronic
65fdcfdcdca17ee93e4b159a,Rechargeable Mini RC Drone Remote Safe Fall-resistant RC Helicopters Drone Children Toys,toy
65fdd06adca17ee93e4b159c,YIKODA 12/16.8/21V Cordless Drill Rechargeable Electric Screwdriver Lithium Battery Household Multi-function 2 Speed Power Tools,electronic
65fdd15edca17ee93e4b1730,1:32 GTR CSR2 Simulation Car Model Metal Diecasts & Toy Vehicles Alloy Decoration Toy Global Limited Edition Children Boy toys,toy
