Name,Email,Password,TP number
john,join.doily@gmail.com,123456,712345678
Jack,jack.vills@gmail.com,qwerty,723456789
Emily,emily.smith@gmail.com,abc123,744567890
Luke,luke.jones@gmail.com,letmein,745678901
Lily,lily.wilson@gmail.com,login,756789012
Alex,alex.brown@gmail.com,123abc,767890123
Chloe,chloe.davis@gmail.com,test123,778901234
Max,max.anderson@gmail.com,welcome,789012345
Mia,mia.johnson@gmail.com,123456789,790123456
Ethan,ethan.thomas@gmail.com,1234567,701234567
Grace,grace.miller@gmail.com,123abc123,712345678
Owen,owen.wilson@gmail.com,password123,723456789
Ava,ava.jackson@gmail.com,pass123,774567890
Ryan,ryan.harris@gmail.com,abcdef,745678901
Sophie,sophie.roberts@gmail.com,123abc123,756789012
Liam,liam.king@gmail.com,1234abcd,767890123
Emma,emma.evans@gmail.com,abcdefg,778901234
Noah,noah.taylor@gmail.com,1234abcd,789012345
Ella,ella.williams@gmail.com,987654321,790123456
Lucas,lucas.baker@gmail.com,99ad09mn,701234567
Olivia,olivia.hill@gmail.com,000ww23,712345678